abaca 4abaco 3abano 4abate 3abati 4abbai 4abbia 5abbui 3abete 2abeti 2abile 4abili 5abita 3abiti 4abito 6aboli 4abuna 4abusa 4abusi 4abuso 3acaia 4acari 4acaro 2acazi 4accia 4accio 5aceri 3acero 4acesa 3acese 3acesi 2aceso 3aceta 3aceti 2aceto 3achea 3achee 3achei 3acheo 3acida 3acide 5acidi 4acido 4acile 3acili 2acini 3acino 3acori 5acoro 2acqua 2acque 4acqui 3actea 3acume 3acumi 3acuta 3acute 4acuti 3acuto 4adagi 3adale 4adali 3adamo 3addii 4addio 4addua 4adeno 4aderi 2adesa 3adese 3adesi 2adeso 3adibi 4adige 3adima 4adimo 3adipe 3adipi 4adira 4adire 4adiri 4adiro 4adita 5adite 5aditi 7adito 3adiva 4adone 3adoni 5adora 4adori 4adoro 3adoxa 4adula 4aduli 3adulo 3aduna 4aduni 4aduno 3adusa 4aduse 3adusi 4aduso 3aequo 4aerai 2aerea 5aeree 3aerei 4aereo 7afaca 4afata 4afate 5afati 3afato 5afeli 3affar 3afide 4afidi 6afnio 4afona 6afone 5afoni 3afono 3afosa 3afose 3afosi 2afoso 3after 4agama 4agame 3agami 5agamo 3agape 3agapi 5agata 4agate 6agave 4agavi 4aggio 6agiea 2agiee 3agiei 3agieo 2agile 4agili 5agira 5agire 3agiro 4agita 4agite 5agiti 5agito 5agiva 3agivi 3agivo 3aglia 4aglio 3agnus 2agone 4agoni 2agora 4agore 5aguti 5aguto 4ahime 4aiata 4aiate 4aiola 4aiole 4aioli 4aiolo 2aione 2aioni 2aiuta 4aiuti 5aiuto 3aizza 7aizzi 5aizzo 3alala 4alani 5alano 6alare 3alari 5alata 4alate 4alati 3alato 4alava 4albio 3album 3alcea 3alche 3alcol 3alcun 3aldio 3alena 3alesa 3aleso 2alghe 3algia 3algie 3algol 3alias 4alibi 4alice 3alici 2alida 3alide 3alidi 3alido 3alimi 4alimo 3alita 6alite 4aliti 7alito 4allah 3allea 4allee 5allei 4allen 3alleo 3almea 4almee 5alobi 2alone 6aloni 6alosa 3alose 2altai 3altea 3altee 3alter 4altra 3altre 3altri 3altro 3alula 4alule 4alvei 4alveo 3alzai 4alzar 3amaca 3amala 3amale 4amali 4amalo 4amano 4amara 3amare 4amari 5amaro 4amaru 3amasi 5amata 3amate 6amati 4amato 5amava 4amavi 4amavo 3ambio 3ambra 3ambre 4ameba 3amebe 3amena 3amene 3ameni 2ameno 2amera 3amero 4amica 3amici 3amico 3amide 6amidi 6amido 3amilo 2amina 5amine 3amino 3amnio 3amomi 3amomo 3amore 4amori 3ampex 3ampia 4ampie 4ampio 3ampli 4anace 4anaci 4anale 3anali 4anari 2anche 4ancia 4ancoi 2ancor 3andai 4andar 3andra 2andro 3anela 3anele 3aneli 2anelo 2anemo 2aneti 2aneto 1angar 3angio 2angla 3angle 3angli 3anglo 2angue 3angui 3anice 4anici 4anile 3anili 4anima 3anime 4animi 2animo 3aniso 3anjou 3annam 2annoi 2annua 3annue 4annui 3annuo 3anobi 3anodi 3anodo 3anona 6anone 7ansia 3ansie 2ansio 3anteo 2antri 2antro 2anura 2anure 2anuri 2anuro 3anzio 3aonia 3aonie 5aonio 4aorta 5aorte 4aosta 4apale 5apali 4apiai 4apice 4apici 3apide 7apidi 5apina 5apine 3apira 5apire 4apiri 4apiro 3apnea 3apnee 2apoda 4apode 3apodi 3apodo 3appai 4appia 4appie 4appio 3aprii 4aprir 3apula 4apule 4apuli 3apulo 3araba 4arabe 4arabi 5arabo 2arano 5arare 4arata 3arate 4arati 5arato 5arava 4aravi 5aravo 3arche 3archi 4arcto 2arcua 4arcui 3arcuo 3ardea 2ardee 3ardii 3ardua 3ardue 3ardui 3arduo 3areca 3arena 2arene 3areni 3areno 2arera 5arero 4arghi 2argon 2argot 2argui 2arida 3aride 2aridi 3arido 3arile 2arili 3arino 2arles 2armai 5arnaz 2arnia 2arnie 2aroma 4aromi 2arpia 3arpie 2arqua 4arrak 3array 3artoa 2artoe 2artoi 2artoo 2asari 3asaro 3aschi 4ascia 3ascii 4ascra 3asdic 3asili 3asilo 2asima 3asime 2asina 2asine 2asini 2asino 2asola 2asole 4asoli 2asolo 2aspic 3aspra 3aspre 3aspri 3aspro 3assai 2aster 3astio 2aston 2astri 2astro 3atare 4atava 2atave 2atavi 4atavo 3atene 2atomi 3atomo 3atona 2atone 1atoni 2atono 2atout 4atrii 2atrio 2attua 3attui 3attuo 2audio 4auffa 5aulos 3aurea 3auree 3aurei 4aureo 3avana 4avant 2avara 3avare 4avari 3avaro 5avean 2avena 3avene 3avere 3averi 3avete 3aveva 3avevi 3avevo 4avida 3avide 7avidi 4avido 4avita 6avite 3aviti 6avito 6avoca 3avoco 3avola 4avole 4avoli 3avolo 4avori 5avrai 4avran 2avrei 3avuta 3avute 4avuti 4avuto 3avvia 5avvii 5avvio 6axone 7axoni 4azoni 6azota 4azoti 2azoto 4babau 4babbi 3babbo 4bacai 4bacca 3bacco 4bachi 4bacia 3bacie 5bacio 4bacon 2badai 4baden 4badge 5badia 4badie 5baffi 4baffo 4bagli 3bagna 5bagni 4bagno 4bahat 3bahia 4baili 5bailo 2baita 3baite 3balba 6balbe 4balbi 6balbo 5balco 5balda 4balde 6baldi 4baldo 5balia 4balie 6balii 6balio 3balla 6balle 6balli 5ballo 3balma 3balme 4balsa 5balse 3balta 4balte 4balza 5balze 5balzi 5balzo 4bamba 5bambe 4bambi 4bambo 6bambu 3banca 5banco 4banda 6bande 5bandi 4bando 4bands 3bandy 4bangi 4banjo 4banni 6banno 4banti 8bantu 2barai 4barba 5barbe 6barbi 4barbo 5barca 5barco 6barda 5barde 5bardi 6bardo 5baria 7barie 4barin 3bario 7barra 7barre 6barri 4barro 7basai 3basca 3basco 6basho 4basic 2bassa 3basse 4bassi 3basso 4basta 6baste 6basti 7basto 7batch 3batic 3batik 3batta 6batte 6batti 8batto 5baula 3baule 4bauli 4baulo 3bayer 3bayes 4bazar 4bazza 4bazze 5beach 4beano 3beare 4beata 3beate 3beati 3beato 3beava 5becca 4becco 4beche 3bechi 3beffa 5beffe 4beffi 5beffo 5beghe 3begli 5begum 3beige 3beino 4beira 3beisa 2belga 5belgi 3belii 5belin 3belio 3bella 5belle 6belli 4bello 7belta 3belva 4belve 5benda 5bende 5bendi 4bendo 4benna 5benne 4benni 4bensi 3benso 5benzo 4beola 3beole 4beona 2beone 5beoni 5beota 3beote 3beoti 3bepop 3berci 5berla 6berle 3berli 5berlo 4berma 4berme 4bermi 6berna 3berni 3berra 5berro 7bersi 3berso 3berta 3berte 6berti 5bervi 5berza 5berze 4besce 4besci 4bessa 4besse 5bessi 7besso 4betel 3beton 2betta 4bette 7betun 2beuta 4beute 3bevei 4bevve 4bevvi 4bezzi 5bezzo 5biada 4biade 5biadi 3biado 4biava 6biave 4biavi 4biavo 4bibbi 5biche 3bidet 3bieca 3bieco 3bieta 2biete 2biffa 5biffe 5biffi 5bighe 3bighi 3bigia 5bigie 6bigio 4bigiu 3bigne 5bijou 3bilia 4bilie 5bimba 6bimbe 6bimbi 4bimbo 5binda 4binde 5binet 3bingo 3biodi 3biodo 5bioma 4biomi 4biova 4biove 4birba 4birbe 4birbi 5birbo 5birce 3birci 4birra 3birre 4birri 3birro 3bisca 2bisce 3bisci 4bisex 4bissa 5bissi 3bisso 5bitta 6bitte 3bitto 7biuta 4biute 3biuto 4bivio 4bizza 4bizze 4bizzi 4bizzo 4black 3blaga 4blake 4blank 2blase 2bleno 4blesa 3blese 3blesi 3bleso 2blimp 3blitz 3block 3bloom 3blues 2bluff 3blumo 3blusa 3bluse 2boara 3board 3boare 3boari 2boaro 5boati 2boato 4bobba 4bobbo 4bocca 4bocce 3bocci 5boche 3bocia 3bocii 5bocio 3boema 3boeme 3boemi 2boemo 3boera 2boere 3boeri 3boero 2boghe 6boidi 5boina 4boite 3boldi 4boldo 4bolge 5bolla 4bolle 5bolli 4bollo 5bolsa 3bolse 5bolsi 4bolso 5bomba 4bombe 4bombi 4bombo 4bongo 5bonne 5bonta 4bonus 3bonza 6bonze 5bonzi 5bonzo 5books 3boole 4booms 4borda 5borde 4bordi 5bordo 5borea 3borei 4borel 4borgo 5boria 4borie 5borio 3borni 4borra 6borre 5borri 5borro 3borsa 4borsc 3borse 3bosch 3bosco 4bossa 5bossi 4bosso 6botri 3botro 3botta 7botte 3botti 6botto 3boule 3boves 3boxer 5boxes 3boyle 4bozza 4bozze 5bozzi 5bozzo 4braca 3brace 4braci 5braco 5brada 6brade 2bradi 6brado 4braga 3brage 6bragg 3bragi 3brago 2brahe 5brain 2brama 4brame 3brami 6bramo 6brand 3brani 3brano 5brasa 5brasi 3braso 6brava 6brave 6bravi 4bravo 3break 3breda 5brema 4bremi 5bremo 4brera 5breva 4breve 4brevi 4brice 3brick 3brida 4bride 3brief 3briga 3brigo 3brina 2brine 3brini 3brino 3brisa 4brise 3broca 4broda 5brode 4brodi 4brodo 5brogi 2broli 5brolo 4bromi 5bromo 5brova 5brown 3bruca 3bruci 3bruco 3brugi 3brugo 3brule 3bruma 3brume 3bruna 3brune 3bruni 3bruno 3bruta 2brute 2bruti 3bruto 2bruts 2buana 3buber 3bucai 3bucce 3bucci 3buche 3buchi 5bucio 3budda 4buffa 5buffe 4buffi 4buffo 4bugia 4bugie 3bugio 3bugna 3bugne 3bugni 3bugno 3buina 3buine 3bulbi 4bulbo 4bulge 5bulla 5bulle 4bulli 3bullo 4buona 3buone 4buoni 4buono 3burba 5burbe 3burga 4burla 3burle 3burli 3burlo 4burma 5burri 3burro 3busca 2busco 3buses 3bussa 4busse 3bussi 3busso 3busta 3buste 3busti 3busto 4butta 5butti 5butto 3buyer 3buzza 4buzze 4buzzi 4buzzo 4bwana 4byron 2cablo 3cacao 5cacca 5cacce 5cacci 4cachi 7cacio 4cadde 4caddi 5cader 4cadmi 3cadra 4cadro 3caffa 3caffe 4caffi 6caffo 5cagli 4cagna 5cagne 4caino 3calai 7calar 3calca 3calce 7calci 3calco 5calda 4calde 5caldi 6caldo 4calia 2calie 6calla 6calle 7calli 4callo 5calma 5calme 3calmi 4calmo 5calva 3calve 6calvi 7calvo 6calza 6calze 4calzi 5calzo 6cambi 3camma 3camme 3campa 3campi 3campo 3canea 4canee 3cangi 4canna 4canne 7canoa 2canoe 3canta 6canti 8canto 7capii 3capoc 3cappa 3cappe 3cappi 3capra 5capre 4capri 5capro 4caput 3carbo 6carca 5carco 7carda 5carde 4cardi 5cardo 5cargo 6caria 7carie 5carla 3carlo 4carme 3carmi 5carne 5carni 3carpa 4carpe 5carpi 6carpo 3carra 5carre 5carri 5carro 4carta 5carte 3casal 2casba 3casbe 3casca 5casco 6cassa 3casse 3cassi 2casso 4casta 4caste 5casti 6casto 5casts 2casus 3catch 4caule 3cauli 3causa 3cause 3causi 2causo 4cauta 3caute 4cauti 3cauto 3cavai 7cavea 3cavee 3caves 3cavia 3cavie 5cazzi 4cazzo 4ceche 4cechi 4cedri 3cedro 4cedua 3cedue 3cedui 4ceduo 4ceffi 5ceffo 5celai 5celia 3celie 4cella 5celle 6celti 3cenai 5cenci 4cenge 3cenni 8cenno 5censi 6censo 4cento 4cents 3ceppa 3ceppe 3ceppi 5ceppo 3cerca 4cerci 5cerco 6cerea 5ceree 4cerei 3cereo 6cerio 4cerna 3cerne 3cerno 2cerri 4cerro 5certa 5certe 5certi 4certo 3cerva 4cerve 5cervi 5cervo 3cesio 3cespi 3cespo 3cessa 6cessi 5cesso 3cesta 6ceste 7cesti 6cesto 6cetra 4cetre 3chefs 3chela 2chele 2chepi 3cheta 3chete 3cheti 3cheto 3chili 4chilo 2chimi 3chimo 4china 3chine 4chini 3chino 3chips 3chocs 3chope 2ciack 3ciana 5ciane 4ciani 5ciano 3cicca 5cicce 4cicli 5ciclo 3cieca 3cieco 3cieli 3cielo 3cifra 5cifre 4cigli 5cigna 4cigne 5cigni 3cigno 4cince 5cinge 3cinse 4cinsi 5cinta 5cinte 5cinti 3cinto 4cintz 3cippi 3cippo 4cipro 4circa 6circe 3circi 4circo 3cirri 4cirro 4cispa 2cispe 3cista 5ciste 5cisti 7citai 3citta 9ciuco 3civet 3clans 3class 3clava 3clave 3cleri 4clero 4cleto 2clima 2climi 3cline 4clini 3clips 3clivi 4clivo 3clone 4cloni 4clono 4clori 4cloro 3clous 3clown 2clubs 2coana 3coane 2cobra 4cocca 4cocce 6cocci 4cocco 3coche 6codio 4coeva 3coeve 3coevi 3coevo 4coffa 4coffe 5cogli 3coiti 4coito 5colai 4colei 2colga 4colgo 3colla 6colle 5colli 3collo 3colma 5colme 5colmi 4colmo 4colon 2color 3colpa 3colpe 3colpi 3colpo 4colse 2colsi 5colta 5colte 6colti 3colto 3colui 4colza 5colze 4comma 6commi 3compi 3conca 3conce 4conci 3condi 3conga 3congo 5conia 2conii 2conio 4conta 4conte 3conti 3conto 4copia 3copie 3copio 4coppa 4coppe 3coppi 3coppo 4copra 4copre 3copri 3copro 4copto 3coque 3coram 3corba 4corbe 6corda 3corde 5corea 3coree 4cormi 5cormo 4corna 2corni 3corno 4corpi 3corpo 5corra 4corre 6corri 5corro 4corsa 3corse 4corsi 3corso 3corta 3corte 5corti 5corto 4corve 4corvi 4corvo 5cosca 5cosce 2cosci 5cosfi 4cosmi 3cosmo 3cosse 2cossi 5cosso 3costa 3coste 4costi 3costo 6cotta 9cotte 4cotti 4cotto 6coupe 3court 3covai 4cover 6cozie 4cozza 4cozze 4cozzi 4cozzo 4crack 3crani 4crapa 3crasi 4crawl 3creai 2cream 2creda 4crede 3credi 3credo 3crema 4creme 4cremi 5cremo 2crepa 3crepe 4crepi 4crepo 4cresi 5creso 4creta 3crete 3crine 4crini 3crisi 4croce 4croci 4croco 3croda 4crode 3croma 4crome 4cromi 4cromo 3crono 4cross 3crown 3cruda 3crude 4crudi 3crudo 3cruna 3crune 3cubia 3cubie 3cucce 3cucco 3cuccu 2cucio 3cuius 3culla 3culle 5culli 3cullo 3culmi 3culmo 3culpa 3culti 3culto 3cunei 3cuneo 3cuoca 3cuoci 3cuoco 4cuoia 3cuoio 3cuore 4cuori 4curai 3curdo 4curia 4curie 3curio 3curry 2curva 4curve 5curvi 3curvo 4cuvee 3dacci 4dacia 3dacie 4dadas 4daghe 4dagli 6daini 3daino 4dalia 4dalie 5dalla 5dalle 6dallo 8damma 5dammi 5dance 3danda 6dande 4dando 5dandy 4danna 8danne 8danni 5danno 7dante 5danti 4danza 3danze 4danzi 3danzo 3darai 7darci 6dardi 7dardo 3darei 3dario 3darla 4darle 5darli 4darlo 3darmi 3darne 4darsi 5darti 5darvi 5datai 3datti 8dazio 4debba 5debbi 3debbo 5decoy 4degli 4degna 3degne 4degni 4degno 4deita 3della 5delle 4dello 6delta 4demmo 5denim 4densa 5dense 3densi 4denso 2dente 4denti 6derby 3derma 5dermi 5dermo 3desco 3desii 4desio 3desmo 3dessa 5desse 4dessi 9desso 6desta 5deste 4desti 7desto 3detta 6dette 5detti 5detto 5devii 5diade 5diamo 3diana 5diane 3diano 5diari 4diate 3dicci 3dicco 6dichi 5dicon 3dieci 3diede 3diedi 4dieta 3diete 3dighe 5digli 4dilla 4dille 5dilli 5dillo 6dilui 4dimmi 4dinne 4diodi 3diodo 4dipoi 3dirai 4dirci 3direi 4dirla 3dirle 4dirlo 4dirmi 4dirne 2dirsi 2dirti 4dirvi 4disco 4disfa 3disii 5disio 4disks 3disse 6dissi 4dista 3disti 5disto 5ditta 5ditte 4dobla 4doble 3docce 4docks 3doghe 5dogli 5dogma 4dogmi 4dolby 4dolce 3dolci 3dolco 4dolgo 4dolio 5dolly 3dolse 4dolsi 3domai 3domma 5dommi 4donai 3donde 4donna 4donne 4donni 4donno 4doppi 4doree 4dorma 4dorme 3dormi 4dormo 4dorra 4dorro 5dorsi 5dorso 4dosai 3dossi 5dosso 6dotai 4dotta 8dotte 6dotti 5dotto 8dovei 3dover 5dovra 4dovro 5draga 4drago 2drang 3draps 4drink 2drive 2droga 3drops 3druda 3drude 4drudi 4drudo 4drupa 4drupe 3drusa 4druse 3drusi 3druso 4duale 4duali 3dubat 2dubbi 4duchi 5dulia 3dulie 5duole 4duoli 4duolo 4duomi 3duomo 4durai 3durra 5durre 5duvet 3ebani 3ebano 3ebbra 4ebbre 4ebbri 4ebbro 3ebete 2ebeti 2ebrea 4ebree 4ebrei 4ebreo 3ecciu 3ecuba 3edace 3edaci 3edema 3edemi 4edera 2edere 2edile 3edili 3edipo 3edita 3edite 3editi 4edito 4educa 3educo 3edule 3eduli 3efebi 4efebo 2efori 3eforo 4egida 3egide 3egira 3egire 3egizi 3ehila 2elato 2elena 4eleni 3eleva 3elevi 3elevo 2elgar 3elica 2elisa 2elise 3elisi 3eliso 2elite 3elogi 3elson 3elude 2eludi 2eludo 2elusa 2eluse 2elusi 2eluso 2emana 3emani 3emano 3emato 3emiri 4emiro 3emolo 3empia 2empie 3empio 2emula 2emule 3emuli 3emulo 3enfia 2enfie 3enfio 3enoli 3enolo 3enter 2entra 3entre 3entri 2entro 1eolio 2epato 3epica 3epici 3epico 3epoca 3epodi 3epodo 4eppur 3eprom 2epura 4epuri 3epuro 4erano 1erari 3eraso 3erbai 3erbio 2erebi 5erebo 4erede 5eredi 5eremi 6eremo 5erica 2erice 5erige 4erigi 3erigo 2ernia 2ernie 2eroga 2erogo 2erosa 3erose 3erosi 3eroso 3eroto 1errai 3esala 3esalo 2esame 2esami 3esani 2esano 2esche 2esige 3esigi 3esile 3esili 3esime 3esimi 3esimo 3esipo 3esita 2esiti 3esito 2esodi 4esodo 3esopo 3esosa 3esose 4esosi 3esoso 3espia 2espii 2espio 2essai 3esser 2estra 3estri 3estro 2esula 3esule 2esuli 2etani 1etano 1etera 2etere 2eteri 4etero 5etesi 3ethos 2etica 2etici 3etico 3etile 3etili 3etimi 3etimo 3etnea 3etnee 3etnei 3etneo 2etnia 2etnie 2evade 3evadi 3evado 4evasa 2evase 2evasi 2evaso 3evita 3eviti 4evito 4evoca 3evoco 3extra 3faber 3fabio 4facce 5facci 3facie 5facto 3fados 2faggi 4fagli 6faida 4faide 3faina 4faine 3faire 4falba 3falbe 4falbi 3falbo 4falca 3falce 3falci 3falco 4falda 5falde 5falla 5falle 5falli 5fallo 4falsa 5false 5falsi 3falso 3fammi 5fanee 4fanes 3fanga 4fango 3fanne 4fanno 3fanta 3fante 4fanti 6farad 4farai 7farce 3farci 6fardi 4fardo 5farei 4farfa 7fario 6farla 5farle 5farli 7farlo 4farmi 6farne 3farri 5farro 6farsa 4farse 4farsi 5farti 4farvi 5fasce 4fasci 3fasta 6faste 4fasti 5fasto 6fatta 4fatte 7fatti 3fatto 3fatua 3fatue 3fatui 3fatuo 3fauci 3fault 3fauna 4faune 4fauni 4fauno 3faure 4faust 3fauve 4febeo 4fecce 4felce 5felci 5fella 4fello 7felpa 4felpe 4felze 5felzi 4femto 3fende 6fendi 6fendo 7fenix 4feria 3ferie 4ferii 6ferma 6ferme 5fermi 4fermo 3ferri 6ferro 5ferry 3fersa 4ferve 5ferzi 5ferzo 5fessa 8fesse 3fessi 8fesso 5festa 4feste 3fetta 4fette 3feudi 5feudo 4fiaba 4fiabe 4fiala 3fiale 3fiata 4fiate 4fiati 3fiato 4fiber 3fibra 4fibre 4ficca 4ficco 5fiche 5fichi 4fichu 3ficus 3fidai 4fidar 3fidia 4fiele 4fieni 5fieno 3fiera 3fiere 2fieri 5fiero 3fifty 3figge 5figgi 3figgo 4fighe 4figli 5filai 4fillo 7filma 4filmi 3filmo 3filza 4filze 4finca 3finga 3finge 4fingi 3fingo 3finii 5finis 3finse 5finsi 5finta 3finte 3finti 4finto 5fioca 3fioco 5fiore 3fiori 3firma 5firme 4firmi 5firmo 4first 2fisco 4fisio 4fissa 3fisse 4fissi 5fisso 4fitta 4fitte 5fitti 3fitto 4fiume 5fiumi 4fiuta 3fiuti 3fiuto 4flani 5flano 4flans 3flash 3flati 3flato 3flava 4flave 4flavi 4flavo 3flebo 2flint 2flirt 2float 4flock 3flora 3flore 3floue 4flous 3fluff 3fluii 4flute 3flyby 3fobia 4fobie 3foche 4fochi 4focus 3fodro 4foehn 2fogge 4foggi 5foghe 4fogli 6fogna 3fogne 3fogno 3foiba 3foibe 4folio 3folla 7folle 4folli 5folta 6folte 4folti 5folto 5fonce 3fonda 5fonde 3fondi 3fondo 5fondu 3fonia 3fonte 4fonti 5forai 2forca 4force 3forfe 6forge 5forgi 5forli 6forma 4forme 3formi 4formo 4forni 4forno 3forra 5forre 6forse 5forte 6forti 3forum 3forza 5forze 4forzi 6forzo 5fosca 5fosco 4fossa 5fosse 4fossi 5fosso 4foste 4fosti 6fotta 6fotte 8fotti 7fotto 7fovea 4foyer 4fozio 5frale 4frali 4frame 4frana 3frane 3frani 5frano 4frase 4frasi 4frate 4frati 2freak 3frega 5fregi 4frego 3frema 4freme 5fremi 6fremo 5frena 2freni 2freno 2freon 1fresa 5frese 3freud 3frigi 3frigo 3frine 4frise 3friso 4froci 4froda 4frode 4frodi 4frodo 4froge 3front 1fruga 3frugo 3fruit 2ftalo 3fuchi 4fugai 3fugga 3fugge 5fuggi 3fughe 3fughi 3fulva 4fulve 3fulvi 5fulvo 4fumai 3fumee 5fumes 3fummo 4funai 3funga 4funge 4fungo 4funky 3funny 2funse 4funsi 3fuoco 4fuori 3furba 3furbe 3furbi 3furbo 4furia 4furie 4furti 3furto 3fusta 4fuste 3fusti 4fusto 3gabbi 3gabbo 4gabon 3gabri 4gadda 4gaeta 3gaffa 4gaffe 5gaggi 4gaire 3galea 4galee 5galgo 5galla 4galle 7galli 3gallo 7galop 3gamba 4gambe 4gambi 3gambo 4games 4gamia 3gamie 4gamma 4gamme 4gamow 3ganci 4ganda 3ganga 4gange 4gangs 3ganza 4ganze 4ganzi 4ganzo 3garbi 4garbo 5garda 5garni 3garri 4garza 7garze 6garzi 4garzo 5gasco 5gassa 4gasse 5gatta 6gatte 4gatti 6gatto 6gaudi 4gauss 4gazza 4gazze 5gazzo 4gechi 4gelai 4gelli 3gelsa 3gelse 3gelsi 3gelso 3gemei 5gemma 4gemme 4gendo 3genet 3genia 6genie 4genio 3genoa 3gente 5genti 3genus 3geode 3geodi 3geomi 3geova 3gergo 4gerla 5gerle 5gerli 5gerlo 4germa 6germe 5germi 6gessi 6gesso 9gesta 9gesti 3gesto 8getta 5gette 6getti 4getto 4ghana 3ghebi 4ghiri 3ghiro 4ghisa 4ghise 3giace 4giaci 3giaco 4giada 3giade 4giamo 3giano 5giara 4giare 3giava 3gibbi 3gibbo 3gibus 3gighe 5gigli 6gihad 3gilda 4gilde 3gilet 3gimno 3ginno 3gioca 3gioco 5giogo 4gioia 4gioie 3gioii 4gioir 3giona 2giova 4giove 3giovi 4giovo 4gipso 4girai 4girar 4girei 4girio 6girli 4girlo 4girls 3gisse 5gissi 7gisti 7gitta 9gitti 5gitto 6giuba 3giuda 3giudo 3giuli 3giura 2giure 3giuri 3giuro 4giuso 4givan 3glace 3gladi 3gleba 3glebe 3glena 4glene 3gleni 3glico 4gliel 3glien 3glifi 3glifo 4globe 4globi 3globo 4glomi 3glomo 4gluck 2gluco 3gluma 3glume 2gnato 2gnome 2gnomi 3gnomo 2gnosi 3goals 2gobba 4gobbe 4gobbi 4gobbo 4gocce 4gocci 5godea 3godei 3goder 5godet 3godra 4godro 4goffa 5goffe 4goffi 5goffo 4gogna 3gogne 3gogol 3golem 2golfi 4golfo 3golia 4golpe 3golpi 4gomma 6gomme 3gonfi 3gonio 2gonna 3gonne 3gonza 3gonze 5gonzi 5gonzo 3gorge 5gorgo 5gotha 3gotta 9gotte 8gotti 4gotto 5gozzi 5gozzo 5grada 5gradi 4grado 4grafi 5grafo 5graia 3graie 3grama 4grame 4grami 3gramo 5grana 3grand 3grane 3grani 5grano 3grata 3grate 3grati 3grato 4grava 5grave 5gravi 5gravo 3greca 3greci 3greco 2green 1gremi 4greti 2greto 1greve 4grevi 4grida 3gride 4gridi 4grido 3grifi 3grifo 3grige 4grigi 4grill 2grisu 2grogs 4groma 3groom 4growl 3gruma 3grume 3grumi 3grumo 3guaco 3guada 4guade 4guadi 3guado 4guaio 4guani 2guano 3guari 2guata 3guati 2guato 4guest 3gugol 3guida 3guide 3guidi 3guido 3guisa 4guise 3gulag 3gully 4gusci 3gusla 2gusta 4gusti 4gusto 4gutta 3gutti 4gutto 5guzla 3hahni 4haifa 4haiti 3halle 8hallo 9halls 3hanno 7hapax 3happy 3harem 3haute 4haydn 3heavy 4hegel 3heine 4henna 5henne 5henry 2hertz 3hesse 6hevea 5hevee 3hindi 4hippy 3hobby 3hotel 3howea 4hully 4human 2humus 2hurra 5husky 2iacea 3iarda 3iarde 3iatro 2ibero 2ibice 3iblee 5iblei 4ibleo 3iboga 2ibsen 3icaro 2icona 2icone 2icono 3icore 3icori 4ictio 4ictus 2iddio 5idola 3idoli 2idolo 3idria 3iella 3ielle 3igloo 4ignea 3ignee 3ignei 3igneo 3ilare 3ilari 4illis 3ilota 3ilote 2iloti 4image 3imago 3imani 4imano 2imati 4imene 2imeni 2imeno 2imita 4imiti 3imito 5imola 3inaco 3inala 4inali 3inalo 3inane 3inani 4india 4indie 3indio 3infin 3infra 2ingiu 3ingoi 3inizi 4inlei 2inlui 3inmii 3inope 3inopi 3input 3insci 3insin 3inter 2intra 2intro 2intui 3invan 3invar 2inver 3invia 3invii 4invio 3iodio 5ioide 4ioidi 2iolla 2ionio 5ipate 3irata 2irate 2irati 5irato 3ireos 1irica 4irico 3iride 4iridi 4irish 3irite 2iriti 3irosa 2irose 3irosi 4iroso 3isaia 3ischi 3iside 3islam 4isola 2isole 4isoli 2isolo 2issea 3issee 3issei 4isseo 3istmi 3istmo 2itaca 4itaci 3itaco 3itala 4itale 2itali 4italo 3italy 4itera 2itere 2ittio 4ittri 2iucca 3iurta 3ivata 3ivate 3ivati 5ivato 3ivrea 2jabot 4jacks 3jahve 4jaleo 3james 4jeans 3jeeps 3jenni 7jihad 3jodel 3joint 3jolly 3joule 4joyce 3jumbo 4jupon 3kabul 3kafka 4kajal 3kaone 3kaoni 3kapok 3kasak 3kasba 3kauri 3kayak 4kazan 4keats 3kefir 4kendo 6kenya 4kepis 4ketch 3khmer 4kilts 3klein 3koala 5kodak 3koine 3kraal 4krebs 3krill 3kriss 3krupp 2kulak 3kuroi 3kuros 2kylix 3kyoto 4kyrie 5laban 4label 3labia 3labor 3lacca 2lacce 3lacci 3ladar 4ladra 5ladre 4ladri 4ladro 5lager 4laghi 6lagna 3lagne 4lagni 3lagno 5laica 2laici 3laico 3laida 3laide 3laidi 3laido 3lalia 4lambi 4lamia 4lamie 4lamio 4lampa 3lampe 3lampi 4lampo 3lanam 2lanca 5lance 5lanci 4landa 4lande 5landi 5lando 5lange 4lanka 5lanzi 4lanzo 4lapin 2lapis 2lappa 3lappe 5lardi 6lardo 3larga 5largi 4largo 3larva 5larve 4lasca 2lasci 2lasco 4laser 3lassa 3lasse 3lassi 2lasso 4lassu 3latin 3latra 3latri 3latro 2latta 3latte 3latti 4lauda 4laude 4laudi 3laura 4lauri 4lauro 4lauta 3laute 3lauti 3lauto 3lavai 6lavan 4lavar 4lazio 4lazos 3lazza 4lazze 5lazzi 5lazzo 4leale 5leali 3least 2lecca 4lecce 4lecci 5lecco 4legai 4legar 3legga 4legge 4leggi 4leggo 6leghe 4leghi 4legna 3legne 4legni 3legno 3leida 2lembi 5lembo 6lemma 3lemme 4lemmi 5lemna 3lenci 4leneo 4lenii 3lenin 3lenta 3lente 6lenti 5lento 5lenza 3lenze 4leone 4leoni 3leppo 3lepra 4lepre 3lepri 3lepto 4lerce 3lerci 4lesbi 3lesbo 3lessa 3lesse 3lessi 3lesso 3lesta 9leste 8lesti 8lesto 2letea 3letee 3letei 3leteo 2letta 3lette 4letti 4letto 4leuco 4leudi 5leudo 4leuti 4leuto 3levai 3levan 4levar 3lewis 3lezio 3lezzi 4lezzo 5liana 4liane 5libet 3libia 8libra 4libre 4libri 3libro 3licci 3licea 3licee 5licei 4liceo 3licet 3licia 3licie 5licio 7lidar 3lidia 8lidio 8liegi 5lieta 5liete 5lieti 5lieto 2lieva 3lieve 4lievi 5lifta 3lifto 3lighe 4ligia 7ligie 4ligio 8ligno 4ligre 3ligri 3lilla 7limai 3liman 3limbi 4limbo 4limii 4limio 4limma 3limme 4limni 3limno 3lince 3linci 4linda 4linde 4lindi 4lindo 3linea 3linee 5linfa 4linfe 5linon 2linus 3lione 3lippa 6lippe 3lippi 4lippo 5liqua 5liquo 4lisca 2lisce 3lisci 2lisso 3lista 6liste 4liszt 3litio 3litri 2litro 3litui 2lituo 3liuti 3liuto 3livio 6livre 4lizza 4lizze 4llano 6lloyd 3lobby 4lobia 3locco 4lochi 4locke 2locri 3locus 3lodai 3lodar 3loden 2loess 2loffa 3loffe 4loffi 4logge 5logia 4login 3logli 6logos 3loica 3loici 4loico 3loira 3lolla 8lolle 7lombi 4lombo 4longa 4longo 3lonza 5lonze 2looks 3loppa 3loppe 5loppi 3lorda 5lorde 4lordi 5lordo 5lords 3losca 3losco 3lotta 3lotte 3lotti 3lotto 4lotus 3lover 4lucca 2lucci 3lucco 3luchi 2lucia 3lucio 3lucra 4lucri 4lucro 3ludri 4ludro 3ludus 3lugli 3luigi 3lulla 3lulle 5lulli 3lully 2lumaa 3lumae 4lumai 3lumen 3lunch 3lunda 3lunga 3lungi 3lungo 3luogo 3lupus 3lurca 3lurco 3lusca 2lusco 3lussa 2lussi 2lusso 3lutea 3lutee 3lutei 3luteo 2lutti 3lutto 4macao 5macco 5macho 4macis 3macra 3macre 6macri 4macro 4madia 4madie 5madre 4madri 3mafia 3mafie 4maggi 5maghe 4maghi 4magia 4magie 4magio 3magli 4magma 3magmi 5magna 4magne 3magni 4magno 5magra 4magre 5magri 4magro 4mahdi 4maine 3major 3malga 4malia 3malie 4malle 4malli 6mallo 9malta 3malte 4malti 4malto 4malva 4malve 4maman 2mamba 5mambi 4mambo 6mamma 5mamme 4manca 4mance 5manco 4manda 4mande 4mandi 3mando 3manet 2mangi 4mango 4mania 2manie 3manna 6manne 3mansa 2manse 3mansi 2manso 5manta 5mante 3manti 7manto 4manuk 4manul 4manus 2manza 3manze 4manzi 4manzo 5manzu 3maona 5maone 3maori 3mappa 3mappe 4mappo 3marat 3marca 4marce 3march 4marci 4marco 4marea 4maree 4maria 5marie 6marin 3mario 7maris 3marks 3marmi 6marmo 5marna 2marne 5marra 4marre 4marsa 3marsc 3marse 4marsi 4marso 4marta 4marte 5marti 3marza 4marze 4marzi 4marzo 5masca 5masce 3maser 3massa 5masse 6massi 5masso 4masti 7masto 4masut 3match 4mater 4matre 3matri 4matta 3matte 7matti 4matto 4maura 3maure 6mauri 4mauro 4mauve 5mazut 3mazza 3mazze 5mazzi 4mazzo 3meare 4meati 3meato 3mecca 5meche 4mecum 3medea 4media 3medie 3medio 3medoc 4melan 4melba 3melee 4melfi 4melia 4melma 3melme 4meloe 2meloi 2melos 2melzi 4melzo 4menai 5menar 2mence 4menci 3menda 5mende 4menni 5menno 5mensa 4mense 3menta 4mente 3menti 8mento 3menus 3meoni 5merca 4merce 5merci 4merco 4merda 4merde 7merge 7mergo 3meria 3merie 5merla 3merle 6merli 4merlo 4merse 4merso 2merta 4merti 5merto 3merze 6mesas 3mesca 3mesce 3mesci 4messa 7messe 6messi 4messo 7mesta 7meste 8mesti 4mesto 5meteo 2meter 2metil 3metri 4metro 5metta 7mette 7metti 6metto 3mezza 4mezze 4mezzi 5mezzo 4miasi 5micca 3micce 4micco 4miche 4michi 3micia 4micie 4micio 4micro 3miele 4mieli 4mielo 4mieta 6miete 4mieti 4mieto 3migli 3migma 4migmi 3milan 2miler 3miles 3milia 4milio 3mille 4milli 3milza 4milze 4mimai 5mimmi 3mimmo 5minia 2minii 3minio 3minor 3minus 2mioma 4miomi 4miope 3miopi 3miosi 3mirai 3miran 3mirar 4mirra 5mirre 4mirti 4mirto 3mises 4mista 7miste 6misti 4misto 4mitra 2mitre 2mixer 3mocci 3model 3modem 3modio 5modus 3moffa 4moffe 4moffi 5moffo 4moggi 4mogia 4mogie 3mogio 5mogli 4mogol 3mohur 3moina 4moine 3moire 3molce 3molla 8molle 6molli 7mollo 5moloc 3molse 5molta 4molte 5molti 5molto 5mommo 5monal 2monca 2monco 3monda 5monde 2mondi 4mondo 3monel 2monet 2money 2monna 3monne 6monsu 3monta 3monte 2monti 4monto 4monza 6moore 3moral 3morbi 6morbo 5morda 4morde 3mordi 5mordo 4mores 2morfi 4morfo 5moria 3morie 5morii 6morir 2morra 5morre 5morro 3morsa 4morse 2morsi 5morso 5morta 4morte 6morti 5morto 5morva 5morve 4mosca 3mosce 3mosci 3mosco 3mossa 3mosse 4mossi 3mosso 3mosti 5mosto 4motel 3motiv 3motta 4motte 5motti 7motto 8mouse 4movea 4movie 3movil 3mozza 3mozze 4mozzi 5mozzo 5mucca 3mucci 3mucco 3muchi 3muffa 4muffe 4muffi 3muffo 4mufla 3mufle 3mufti 3muggi 3mughi 3mugic 3mugik 3mugli 3mulso 4multa 4multe 3multi 3multo 3munch 2mundi 4munga 2munge 3mungi 3munii 4munse 3munsi 2munta 3munte 3munti 3munto 4muoia 3muoio 4muone 4muoni 3muore 2muori 4muova 3muove 3muovi 3muovo 4mural 3murge 4murra 3musci 3musco 3musei 4museo 4music 2musme 3mussa 3mussi 4mutai 2mutar 3mutua 2mutue 3mutui 2mutuo 3muzak 3muzio 4nabis 3nadir 3nafta 3nafte 2naibi 3nandu 4nanfa 5nanna 8nanne 9napea 3napee 4nappa 3nappe 4nappi 3nappo 4narco 2nardo 3narra 2narri 2narro 3nasca 2nasce 3nasci 3nasco 4naspi 3naspo 4nassa 2nasse 3natia 2natie 2natii 3natio 2natta 3natte 2nauco 4nauru 2nauta 3nauti 2necce 4necci 3necro 5nefro 4negai 3neghi 4negli 4negra 2negre 3negri 3negro 5negus 3nehru 3nella 3nelle 4nello 3nembi 4nembo 3nemea 4nemee 3nemei 4nemeo 3nenia 6nenie 4nenni 8nepal 3neper 3nerbi 4nerbo 2nervi 4nervo 2nesci 4nessi 4nesso 2nesti 2nesto 2netta 2nette 2netti 2netto 2neuma 4neumi 4neuri 3neuro 3nevai 3nevro 2nibbi 3nicea 4nicol 3nicti 3nicto 2nient 2nievo 2niger 3night 2nihil 3nimbi 3nimbo 3ninfa 4ninfe 5ninja 5ninna 5ninne 5niobe 3niobi 4nisba 3nissa 2niton 2nitra 2nitri 3nitro 2nitti 3nitto 2niuna 2niuno 3nivea 4nivee 3nivei 3niveo 3nizza 3nobel 2nocca 2noema 2noemi 2noesi 2nomea 3nomee 3nonio 5nonna 4nonne 6nonni 4nonno 4noria 2norie 3norma 2norme 3normo 2norte 1notai 2notes 2notte 2notti 2novus 2nozze 2nubia 3nuche 4nulla 3nulle 4nulli 3nullo 4nummi 3nummo 3nunzi 4nuoce 3nuoci 4nuora 2nuore 2nuoro 2nuota 2nuoti 2nuoto 2nuova 3nuove 3nuovi 4nuovo 4nurse 3nutra 2nutre 2nutri 3nutro 2nyala 3nylon 3obeli 2obelo 2obera 2oberi 2obero 3obesa 3obese 3obesi 2obeso 2obice 3obici 4obiti 3obito 4oblia 3oblii 3oblio 4oboli 3obolo 4occam 3ocche 3occhi 4occio 5ocree 2octal 2oculi 3oculo 3odeon 2odiai 4odino 7odono 4odora 4odore 6odori 5odoro 5oecio 3offra 3offre 3offri 3offro 5ofide 4ofidi 4ofite 3ofiti 4ogiva 3ogive 3ognun 2ohibo 3ohime 4oidee 3oideo 3oidio 5okapi 3olbia 3olchi 3oldie 3oleum 3oliai 3oligo 4olire 3oliva 3olive 3olivi 3olivo 4olmio 3olona 4olone 4olore 6oltra 2oltre 2omari 3omaro 4omasi 3omaso 3ombra 3ombre 3ombro 3omega 3omeni 2omeri 3omero 4omine 3omini 4omino 6omise 3omisi 3omnes 2omnia 2omore 3omori 5oncia 2onera 3onere 3oneri 2onero 1onest 1onice 3onici 4onico 3onimo 4oniro 4onora 2onore 2onori 3onoro 4opaca 3opaco 3opale 3opali 3opera 3opere 3operi 3opero 3opima 3opime 4opimi 3opimo 4opina 3opini 5opino 4oppia 3oppio 4oppla 3opsia 3optai 2orafa 3orafe 4orafi 5orafo 4orale 3orali 3orare 4orari 5orata 2orate 2orazi 4orche 4orchi 3orcio 3order 3ordii 2orfeo 2orgia 2orgie 4oribi 4orina 2orine 2orino 3orlai 3orlon 2ormai 3ormea 3ornai 3ornar 3orobi 4orobo 3oropa 3osano 3osare 3osata 2osate 3osati 2osato 3osava 2osavi 2osavo 3oscar 2osche 3oschi 2osees 2osera 3osero 4osino 3osman 3osmio 3ossea 4ossee 3ossei 4osseo 4ossia 2osteo 2ostia 2ostie 3ostio 2ostri 3ostro 3otero 5otica 2otici 2otico 3otite 2otiti 4ovaia 4ovaie 4ovaii 3ovaio 4ovala 3ovale 3ovali 3ovari 3ovata 2ovate 3ovati 2ovato 4ovest 2ovile 3ovili 4ovina 3ovine 3ovini 5ovino 7ovoli 3ovolo 4ovuli 4ovulo 3ovver 2ovvia 4ovvie 4ovvii 4ovvio 5ozena 2oziai 4ozino 5ozoni 4ozono 4pabst 2pacca 5pacco 3pacem 3pacis 3packs 3padre 4padri 4paese 3paesi 2pagai 5pagan 3pagar 5paggi 5paghe 4paghi 4paion 3paisa 3palco 3palea 4palei 4paleo 3palii 5palio 3palla 6palle 8palli 4palma 3palme 4palmi 4palmo 4palpa 6palpi 5palpo 4palta 4palto 4pampa 4panca 4pance 4panda 5pandi 5panel 3pania 2panie 3panna 7panne 6panni 7panno 6pansa 3panse 4panto 3pants 2panza 4paola 4paoli 3paolo 4papai 4pappa 3pappe 5pappi 4pappo 4papua 3parca 6parco 3parea 4parei 4pareo 3pares 2paria 6parie 3pario 5parka 5parla 5parli 6parlo 4parma 4parme 3parmi 4parra 6parro 7parsa 4parse 3parsi 3parso 4parta 5parte 4parti 5parto 3party 3parva 5parve 5parvi 5parvo 5pasce 4pasci 3pasco 3passa 5passe 6passi 4passo 4pasta 3paste 3pasti 4pasto 3pater 3patia 3patii 3patio 2patos 3patre 3patri 4patta 5patte 5patti 7patto 6pauli 4paulo 3paura 4paure 4pausa 3pause 3pausi 3pauso 4paves 4pavia 4pazza 3pazze 5pazzi 4pazzo 3peana 4peani 3peano 3peata 3peate 3pecan 3pecca 3pecco 3pecia 3pecie 3pecks 4pedes 4pegli 3pegni 4pegno 4pelai 5pella 4pelle 5pelli 4pello 3pelta 4pelte 4pelvi 3penai 4pence 4penda 3pende 4pendi 6pendo 5penia 5penis 2penna 4penne 3penny 2pensa 5pensi 5penso 3penta 5penti 8peoci 3peone 5peoni 4peota 3pepli 4peplo 3pepsi 3perda 5perde 4perdi 5perdo 6perir 3perla 4perle 4perni 3perno 2peron 2persa 3perse 3persi 4perso 4perte 6pervi 4pesai 3pesan 2pesca 3pesce 4pesci 3pesco 3pesos 3pesta 3peste 6pesti 5pesto 4petra 4petre 3petri 3petro 4petti 6petto 5pezza 3pezze 4pezzi 4pezzo 3photo 4phyla 3piace 5piaci 3piada 4piade 3piaga 4piage 4piana 4piane 5piani 5piano 4piare 3piati 5piato 4piava 5piave 5picca 5picco 6picea 3picee 4picei 3piceo 3piche 5pidue 5piece 2piede 3piedi 4piega 3piego 3pielo 4piena 3piene 3pieni 4pieno 3piera 3pieri 3piero 4pieta 6pieve 3pievi 4piezo 3pigia 5pigio 5pigli 6pigna 3pigne 3pigra 4pigre 3pigri 4pigro 4pilaf 4pilei 3pileo 3pilla 4pilli 4pillo 5pince 5pinco 4pinga 3pinge 4pinna 4pinne 3pinot 2pinse 5pinsi 3pinta 5pinte 4pinti 5pinto 3pinup 3pinza 5pinze 4pinzo 3pioda 5piola 4piole 4pioli 4piolo 4pione 3pioni 2piota 3piote 3piova 5piove 4pipai 4pipia 5pique 5pirex 2pirla 3pirro 4pisce 3pisci 4pissi 6pista 7piste 6pitch 2pitia 3pitta 8pitti 6piuma 3piume 5pivot 3pixel 3pizia 5pizie 4pizio 5pizza 5pizze 4pizzi 5pizzo 5placa 3placo 3plaga 4plage 3plagi 4plaid 3plana 3plane 3plani 4plano 5plata 4platz 2plebe 3plebi 3plein 3plica 2plico 4ploia 2plora 3plugo 3pluri 3pluto 3pluvi 4poche 4pochi 3podii 5podio 4poema 3poemi 3poesi 2poeta 2poeti 2pogge 4poggi 4point 3poise 3poker 4polca 3polio 5polis 3polka 3polke 4polla 3polle 5polli 6pollo 4polpa 4polpe 5polpi 5polpo 5polsi 5polso 5polta 6polte 6polve 3pomai 3pomfi 3pomfo 4pompa 3pompe 4pompi 3pompo 4ponce 4ponci 2pondo 5ponga 4pongo 4ponte 4ponti 5ponto 3ponza 4ponzi 4ponzo 4pools 2popov 3poppa 4poppe 4poppi 5porca 4porci 3porco 3porga 5porge 5porgi 6porgo 4poria 4porla 6porli 5porlo 4porno 4porra 6porre 5porri 6porro 5porse 5porsi 4porta 5porte 2porti 4porto 5porvi 4posai 3posar 2posca 4possa 4posse 3posso 5posta 4poste 3posti 4posto 5potea 3potei 3poter 2potra 2potro 3potta 5potte 7poufs 3poule 4pover 3power 4pozza 3pozze 4pozzi 5pozzo 5prado 4praga 4praho 4praia 3praie 3prati 4prato 2prava 3prave 5pravi 4pravo 3prece 2preci 3preda 5prede 4predi 6predo 4prega 4pregi 4prego 3prema 3preme 4premi 3premo 3presa 5prese 3presi 6preso 4press 3prete 2preti 2previ 5prima 3prime 5primi 3primo 4priva 3prive 5privi 3privo 4proba 3probe 6probi 3probo 3proda 6prode 5prodi 4prole 4proli 5promo 4prona 2prone 2proni 2prono 4prope 7prora 6prore 7prosa 5prose 2proti 2proto 2prova 4prove 3provi 5provo 4prude 3prudi 4pruni 3pruno 3psico 2psoas 2ptero 3ptosi 3pugna 3pugne 3pugni 3pugno 3puina 3pulca 3pulce 5pulci 3pulii 5pulka 5pulsa 3pulsi 3pulso 4punch 3punga 4punge 4pungi 3pungo 4punii 4punks 2punse 4punsi 3punta 3punte 3punti 4punto 3puote 3puppa 4puppe 4purea 3puree 3purga 4purgo 3pussa 4putta 5putte 3putti 5putto 5puzza 4puzze 4puzzi 4puzzo 4quale 4quali 3quare 4quark 3quasi 4quell 3quest 3quine 3quipu 3quito 4quivi 4quota 4quote 4quoti 4quoto 4rabbi 7racer 4rachi 8radar 5radia 3radii 3radio 3radix 3radon 3raffa 5raffe 4raffi 6raffo 5rafia 4rafie 4ragas 4raggi 4ragia 5ragie 3ragli 4ragna 2ragne 2ragni 4ragno 3raids 3raion 2rajah 4ralla 4ralle 5ralli 4rallo 3rally 4ramai 4rambo 4ramia 5ramie 4ramni 3ramno 4rampa 4rampe 3rampi 4ranca 3rance 3ranch 3ranci 2ranco 2randa 3rande 3rango 2ranni 4ranno 4rapai 8rapii 8rappa 4rarae 6rasae 4rasai 3rasce 4rasoi 2raspa 4raspe 3raspi 3raspo 6rasta 2ratei 2rateo 3rates 2ratio 2ratta 3ratte 2ratti 3ratto 2rauca 2rauco 3rauna 2rauni 2ravel 3rayon 3razza 5razze 5razzi 5razzo 6ready 5reagi 4reale 4reali 4reame 4reami 3reati 2reato 3rebbi 4rebus 3recai 3recar 3rechi 5recto 3redan 2redde 5reger 5regga 3regge 5reggi 6reggo 3regia 3regie 3regio 3regna 3regni 2regno 2reich 4reims 3reina 2reine 2reita 2relax 3remai 3renai 2renan 2renda 3rende 2rendi 2rendo 4renio 3renna 3renne 2rensa 3renzo 4repli 3replo 4rerum 3ressa 3resse 3ressi 2resta 2reste 2resti 2resto 3retea 2retee 2retei 2reteo 4retro 5retta 2rette 2retti 2retto 3reuma 4reumi 3rezza 5rezze 4rezzi 6rezzo 4riama 6riami 3riamo 2riani 2riano 2ribes 2ricca 6ricce 4ricci 3ricco 3ridai 4ridda 4ridde 5riddi 3ridia 4rieda 2riede 2riedi 2riedo 2rieti 2rifai 5riffa 5riffe 6rigai 5rigge 4righe 4righi 4right 4rigor 2rilke 3rings 2rione 2rioni 2risma 3risme 3rissa 3risse 3risso 4ritma 3ritmi 4ritmo 3ritta 3ritte 2ritti 3ritto 3riudi 2riuni 2riusi 2riuso 4riyal 3rizza 4rizze 6rizzi 4rizzo 3roana 2roane 2roani 2roano 2roast 2robot 2rocca 4rocce 3rocco 3roche 3rochi 3rocks 2rodei 3rodeo 3rodia 2rodie 6rodin 2rodio 3rogge 4roggi 3roghi 3rogna 2rogne 2rolla 5rolle 5roman 3romba 3rombe 3rombi 4rombo 4romea 4romee 4romei 3romeo 3rompa 3rompe 3rompi 4rompo 3ronca 5ronco 2ronda 3ronde 2rondo 3ronfa 5ronfi 3ronza 4ronzi 3ronzo 3rosai 2rosea 4rosee 4rosei 3roseo 2roses 2rospi 3rospo 3rossa 2rosse 2rossi 3rosso 3rosta 2roste 3rotea 2roteo 4rotta 2rotte 2rotti 2rotto 3rouen 2rouge 4rough 2round 2rovai 2rover 6rozza 5rozze 6rozzi 4rozzo 4rubai 3rubbi 3rubbo 4rubli 3rublo 4rubra 3rubre 3rubri 3rubro 3ruche 4ruere 4ruffa 3rugby 2rugge 4ruggi 5rughe 4rugli 4ruina 2ruine 2ruino 2rulla 3rulli 4rullo 5rumba 3rumbe 3runge 2ruoli 2ruolo 5ruota 2ruote 2ruoti 2ruoto 2rupia 3rupie 3ruppe 4ruppi 5rusca 4rusco 3rushs 2ruspa 3ruspe 3ruspi 3ruspo 3russa 4russe 3russi 3russo 3rutta 3rutti 3rutto 3ruzzi 4ruzzo 4ryton 1sabba 3sabea 3sabee 4sabei 3sabeo 3sabin 3sabir 2sable 3sabot 3sabra 4sacca 2sacco 3sachs 3sacra 5sacre 4sacri 4sacro 4saffo 4sagge 4saggi 3saghe 4saghi 3sagra 5sagre 3sagri 3sahib 3saiga 3salai 7salam 4salda 6salde 4saldi 6saldo 4salem 3saler 3sales 3salga 7salgo 6salii 8salma 4salme 3salmi 3salmo 5salpa 5salpe 5salpi 4salpo 7salsa 8salse 5salsi 8salso 7salta 3salti 3salto 3salva 8salve 5salvi 5salvo 3samba 3sambe 3samia 5samie 3samii 4samio 3samoa 3sanai 3sanci 3sanie 2sanna 3sanne 3sanno 2sansa 3sanse 4santa 4sante 5santi 5santo 7sanza 3saper 3sapor 3sappi 4sapra 3sapri 4sapro 3sarai 5saran 3sarco 7sarda 2sarde 3sardi 4sardo 4sarei 2sarge 3sargi 5sargo 4saros 3sarpi 3sarta 2sarte 5sarti 3sarto 3sartu 2sassi 5sasso 4satem 2satie 2satin 3sauna 2saune 3saura 2saure 4sauri 2sauro 3saute 2savia 5savie 4savio 4sazia 4sazie 4sazio 4sbafi 4sbafo 4sbava 4sbavi 3sbavo 4sboom 3sbovi 3sbovo 6sbuca 3sbuco 3scada 4scade 4scadi 5scado 5scafa 4scafe 4scafi 4scafo 4scala 3scale 3scali 2scalo 3scapi 3scapo 3scava 3scavi 5scavo 5scema 3sceme 2scemi 2scemo 4scena 3scene 3scesa 2scese 2scesi 2sceso 4sceva 3schei 4schio 4sciai 3scifi 3scifo 3scilu 3sciti 3scoda 5scodo 5scola 6scoli 3scolo 3scoop 3scopa 5scope 3scopi 3scopo 4score 5scota 3scote 2scoti 3scoto 3scott 3scout 3scova 4scovi 3scovo 5scria 3scrie 3scrii 2scrio 2scuci 2scudi 3scudo 4sculo 3scuoi 3scura 3scure 3scuri 3scuro 2scusa 3scuse 3scusi 3scuso 4sdama 4sdamo 5sdata 3sdate 3sdati 4sdato 4sdazi 5sdora 4sdoro 5sdrai 2secca 3secco 3sechi 4sedai 4sedei 4seder 3sedia 3sedie 3segai 4segga 4seggi 5seggo 4seghe 3seghi 4segna 4segni 3segno 4segre 3segua 4segue 4segui 5seguo 4seini 2seino 3selce 4selci 3sella 3selle 3selli 3sello 3seltz 2selva 3selve 4semai 3semel 3senio 2senna 4senne 3senni 3senno 4sensi 6senso 5senta 5sente 6senti 4sento 2senza 4sepoy 3seppe 3seppi 4sepsi 3serao 5serba 4serbe 6serbi 4serbo 3serge 5seria 2serie 3serio 4serpa 3serpe 3serpi 3serra 5serre 7serri 5serro 6serse 7serti 3serto 3serva 5serve 4servi 5servo 6sesia 3sessa 8sesse 3sessi 10sesso 9sesta 3seste 3sesti 3sesto 8setta 3sette 3setti 3setto 2sezzo 4sfama 3sfami 4sfamo 5sfara 3sfare 3sfaro 3sfasa 3sfasi 4sfata 5sfate 4sfato 5sfece 3sfeci 2sfera 4sfere 3sfida 4sfide 3sfidi 4sfido 3sfiga 4sfila 3sfili 4sfilo 2sfini 4sfizi 4sfoca 3sfoci 3sfoga 3sfogo 5sfora 5sfori 3sforo 5sfuma 3sfumi 3sfumo 3sfusa 3sfuse 3sfusi 3sfuso 3sgama 4sgela 4sgeli 4sgelo 4sghei 4sgola 3sgoli 4sgolo 4shake 4share 3shift 3shirt 2shock 3short 3shows 3shunt 2siamo 3siano 2siate 2siche 3sicli 2siclo 3sidri 3sidro 4sieda 2siede 3siedi 4siedo 4siena 3siepe 3siepi 3sieri 3siero 4siete 6sigla 3sigle 3sigli 3siglo 4sigma 3sigmi 3silfi 3silfo 3silla 3silli 4sillo 4silos 3silva 3simia 3simon 3simun 2sinai 2sinus 3siora 2siore 6siori 3siria 3sirio 6sirma 3sirme 3sirte 3sirti 2sisal 2sisma 5sismi 5sismo 5sisto 5sitar 3situa 2situi 3situo 2situs 3sizio 4sizza 3skeet 4skiff 3skunk 2slama 4slamo 3slams 3slang 2slava 4slave 2slavi 3slavo 3slebi 3slebo 2slega 3slego 2slice 2slips 3sloga 3slogo 4sloop 3slums 3slurp 2smack 3smaga 3smani 4smash 3smina 4smino 4smise 3smisi 3smove 3smura 3smuro 3snack 3snell 2sneva 2snevo 2snida 3snidi 3snido 4sniff 3snipe 2snobs 3snoda 3snodi 3snodo 3snuda 3snudo 3soave 3soavi 3sobri 3socca 3socci 3socco 3socia 3socie 3socio 4soddy 3sodio 3soffi 5sofia 5sogli 3sogna 3sogni 2sogno 4solai 2solca 3solco 3soldi 3soldo 4solea 3solee 4solei 3soleo 3solfa 4solfe 4solfi 4solfo 4solli 3sollo 4solva 4solve 3solvi 4somia 4somma 3somme 4sommi 3sommo 3sonai 3sonar 3sonda 4sonde 4sondi 4sondo 4sonii 2sonio 3sonni 3sonno 4sopii 5sopra 4sorba 5sorbe 3sorbi 4sorbo 5sorca 3sorci 3sorda 4sorde 4sordi 5sordo 4sorel 2sorga 6sorge 5sorgi 6sorgo 5sorra 6sorre 6sorse 6sorsi 6sorso 5sorta 2sorte 3sorti 2sorto 3sosia 5sosta 3soste 2sosti 6sosto 6sotto 2sound 2sovra 4sozza 3sozze 4sozzi 4sozzo 4space 3spada 4spade 4spagn 3spago 3spahi 5spala 3spali 3spalo 3spana 3spani 3spano 2spara 3spari 2sparo 3spata 4spate 5spati 3spato 3spazi 5speck 3speco 3spedi 4spela 4speli 3spelo 4speme 3spemi 4spera 4spere 3speri 3spero 3spesa 3spese 3spesi 3speso 3spett 3spiai 3spica 2spiga 4spigo 4spina 4spine 3spini 4spino 3spira 2spire 2spiri 3spiro 5spock 3spola 4spole 3spone 3spoon 3spora 3spore 6sporo 4sport 3sposa 3spose 4sposi 3sposo 6spots 3spray 2sprue 3spula 3spuli 3spulo 3spuma 3spume 3spuri 3sputa 2sputi 2sputo 3squaw 3stack 3stadi 3stael 2staff 3stage 3staia 2staio 2stame 3stami 4stana 3stand 3stani 2stano 2stara 3stare 4stari 2staro 2stars 3start 3stasa 3stasi 6staso 4stata 5state 5stati 4stato 5statu 2stava 3stavi 6stavo 4stazi 5steca 3stein 2stele 3steli 3stelo 2steno 1steri 3stero 2stesa 3stese 3stesi 3steso 2stick 5stico 5stige 6stigi 7stila 5stilb 4stile 5stili 4stilo 6stima 5stime 6stimi 8stimo 4stipa 4stipe 3stipi 6stipo 6stira 2stiri 2stiro 3stiva 3stive 4stivi 8stivo 3stock 3stola 3stole 2stoma 3stomi 3stona 2stoni 2stono 2story 3stria 2strie 3strip 2studi 3stufa 4stufe 3stufi 4stufo 3stuka 4stupa 3stupe 3stupi 4stura 3sture 3sturi 2sturm 2sturo 3style 3suasa 3suase 4suasi 4suaso 5subbi 5subii 5succo 3sucre 3sudai 4sudan 3sugge 4suggi 4sughi 4sugli 3sugna 3sugne 3suina 2suine 3suini 2suino 5suita 2suite 2sulky 3sulla 3sulle 3sullo 4summa 3summe 3sunna 3sunne 3sunti 4sunto 4suola 5suole 3suoli 4suolo 4suona 3suone 3suoni 4suono 3suora 5suore 4super 3supra 3surah 2surra 3sussi 4susta 2suste 3sutra 2sutri 2suvvi 5svaga 5svago 5svani 4svasa 5svasi 3svaso 5svela 3sveli 4svelo 3svena 3sveno 3sveva 3sveve 3svevi 4svevo 4sviai 3svili 4svina 3svino 5svisa 4svisi 4sviso 4svita 2sviti 3svito 3svizi 4svola 6svolo 4sweet 4swift 3swing 3tabla 2tacca 3tacce 4tacci 3tacco 3tachi 3tactu 3taffi 5tagal 2tagli 2taide 3taiga 2taine 2taira 2talco 3talea 4taled 3talee 4talli 2tallo 3talpa 2talpe 3tamia 3tamil 2tanca 3tanfi 3tanfo 3tanga 2tange 3tango 2tanna 2tanno 2tanta 3tante 3tanti 3tanto 3tapis 3tappa 5tappe 5tappi 6tappo 4tarai 6tarda 5tarde 4tardi 5tardo 4targa 4targo 6tarla 3tarle 4tarli 4tarlo 5tarma 6tarme 3tarpa 6tarpi 6tarpo 3tarsi 3tarso 6tasca 3tassa 4tasse 3tassi 4tasso 2tasta 4taste 3tasti 4tasto 2tatti 4tatto 5tatua 5tatui 6tatuo 5tauri 2tauro 2tauto 5taxis 3taxon 2tazza 4tazze 5teams 3teano 2tebea 6tebee 5tebei 4tebeo 3tecca 5teche 4tecla 3tecno 3teddy 3tedia 2tedio 2tegea 6teghe 4teina 2teine 2telai 2telex 2telos 2temei 4tempi 3tempo 2tenar 2tenda 5tende 4tendi 3tendo 2tenei 5tenga 4tengo 3tenia 2tenie 2tenne 2tenni 2tenno 3tenor 2tensa 3tense 4tenta 5tenti 5tento 3tenue 3tenui 4tepee 5teppa 4teppe 5terbi 3terga 4terge 5tergi 5tergo 5terio 2terme 3termi 6termo 4terna 3terne 3terni 2terno 1terra 3terre 3terro 6tersa 4terse 5tersi 6terso 3terza 3terze 4terzi 4terzo 6teseo 3tesla 3tespi 3tessa 4tesse 3tessi 4tesso 3testa 4teste 3testi 4testo 3tests 3tetra 3tetre 3tetri 2tetro 2tetta 6tette 5tetti 4tetto 3texas 2theta 3tiade 3tiadi 3tiara 3tiare 2tiaso 2tibet 3tibia 4tibie 3tideo 3tiene 2tieni 2tifai 3tifeo 3tiflo 3tiggi 2tight 2tigli 2tigna 2tigne 2tigra 3tigre 2tigri 2tigro 2tilde 3tildi 2tilla 2tille 3timeo 2timer 2timor 2timpa 3timpe 4tinca 3tinga 2tinge 3tingi 2tingo 2tinni 2tinse 4tinsi 3tinta 3tinte 4tinti 3tinto 3tirai 2tiran 1tirsi 2tirso 3tisbe 3tisia 4tizia 3tizie 4tizio 3tizzi 3tizzo 3tmesi 2toast 2tobia 3tocai 3tocca 6tocco 7tochi 3toghe 5toghi 3togli 3tokai 4tokaj 2token 2tokio 3tolda 4tolde 3tolfa 5tolga 3tolgo 4tolla 6tolle 4tolse 2tolsi 2tolta 6tolte 4tolti 5tolto 4tomai 4tomba 4tombe 3tombo 7tomia 3tonda 4tonde 3tondi 4tondo 4toner 2tonfa 3tonfi 3tonfo 4tonia 2tonne 1tonni 2tonno 2tonta 4tonte 3tonti 4tonto 3topoi 4topos 2toppa 5toppe 6toppi 4toppo 6toque 6torah 3torba 2torbe 5torbi 2torbo 5torca 6torce 2torci 6torco 4tordi 4tordo 6torea 2toreo 2torio 3torli 3torlo 8torma 5torme 6torna 2torni 2torno 2toron 1torre 7torri 8torse 4torsi 7torso 3torta 6torte 7torti 8torto 8torva 4torve 3torvi 5torvo 7tosai 2tosca 3tosco 3tossa 4tosse 3tossi 3tosso 2tosta 4toste 3tosti 3tosto 3totem 3totip 2tours 2tozza 6tozze 4tozzi 5tozzo 5trace 2traci 2trade 4tradi 4trago 2trait 2trama 3trame 4trami 3tramo 2tramp 3trani 2trans 2trave 3travi 4trawl 3trema 2tremi 2tremo 2trend 2treni 2treno 1treti 3treto 3trevi 3trevo 3trial 4trias 4tribu 3trico 3triga 3trina 2trine 1trini 2trino 2trips 3trita 3trite 2triti 4trito 3trivi 4trizi 3trofi 3trofo 5troia 2troie 2troll 2troni 1trono 2tropi 4tropo 5trota 3trote 2trova 3trovi 4trovo 4truca 2truce 2truci 2truck 2truka 2trumo 2trust 2ttero 1tubai 3tucul 2tuffa 3tuffi 3tuffo 3tughe 4tulio 3tulle 2tuner 2tuona 2tuoni 2tuono 2tupac 3tuppe 3turai 2turba 4turbe 6turbi 3turbo 3turca 3turco 3turfa 5turfe 5turge 4turku 2turma 5turme 3turna 2turni 2turno 2turpe 6turpi 3tutta 3tutte 4tutti 3tutto 3tuzia 3tuzie 3tweed 3twill 2twist 2typon 2ubbia 3ubbie 3ubere 4uberi 5ubero 3udine 3udira 2udire 3udiro 5udita 2udite 3uditi 3udito 4udiva 3udivi 3udivo 3uggia 4ugola 3ugole 4ukase 4ulani 3ulano 3ulite 3uliti 3uliva 3ulive 3ulivi 4ulivo 4ultra 3ulula 4ululi 3ululo 3umana 3umane 3umani 3umano 3umato 4umbra 3umbre 3umbri 3umbro 3umica 3umici 3umico 3umida 3umide 3umidi 4umido 3umile 3umili 3umore 4umori 4under 3unica 3unici 4unico 3union 3unire 3unita 2unite 3uniti 2unito 3univa 3univi 4univo 3upupa 4upupe 3uralo 4urani 2urano 2urato 5urica 2urici 3urico 3urina 2urine 2urlai 2urlii 3urlio 3usano 3usare 3usata 2usate 2usati 2usato 3usava 3usavi 3usavo 3uscii 3uscio 3uscir 3usera 3usero 4usino 3usura 2usure 3uteri 4utero 4utica 2utile 3utili 2uvala 4uvula 4uvule 3uxori 4vacca 4vacua 3vacue 4vacui 4vacuo 4vaduz 3vafer 4vaffa 4vaghe 4vaghi 4vagli 5vague 4valga 4valgo 5valle 5valli 6vallo 6valse 4valva 4valve 5vampa 4vampe 4vampi 4vampo 3vamps 3vanga 4vango 4vanne 9vanno 5vanta 6vanti 3vanto 6varca 6varco 5varea 4varee 4varia 4varie 6vario 4varra 7varva 6varve 5vasai 3vasca 4vasco 4vasta 5vaste 6vasti 3vasto 7vatti 5vauda 4vecce 4vecia 3vecio 3veder 5vedra 4vedro 4vegli 5velai 3velde 5velia 4velie 4velli 4vello 5velma 3velme 4venda 4vende 6vendi 5vendo 7venga 4vengo 3venia 4venie 3venir 2venne 5venni 6venti 7vento 5verbi 4verbo 4verde 5verdi 5verga 5vergo 5verla 6verle 6verme 4vermi 3verne 3verra 6verri 5verro 5versa 4verse 4versi 4verso 4verta 5verte 4verve 6verza 6verze 6vesce 4vespa 3vespe 4vessa 3vessi 10vesso 8vesta 8veste 5vesti 8vesto 7vetri 4vetro 3vetta 7vette 4vezzi 5vezzo 5viado 4viale 3viali 4viari 3vibra 3vibri 3vibro 3vichi 5video 3vidor 3viene 3vieni 5vieta 4viete 6vieti 5vieto 3vigna 4vigne 4vigny 3villa 4ville 5villi 6villo 4vilta 3vinai 3vince 4vinci 5vinco 4vinse 3vinsi 4vinta 4vinte 5vinti 5vinto 5viola 3viole 3violi 3violo 4vipla 3viple 3virga 6virtu 3virus 3visco 3visir 3visnu 2vispa 4vispe 3vispi 4vispo 4visse 6vissi 7visso 4vista 4viste 3visti 6visto 3visus 3vitae 2vitro 3vitta 3vitte 6vitti 4vitto 5vivai 5vivra 3vivro 3vizia 5vizio 5vizza 6vizze 5vizzi 5vizzo 4vocii 5vocio 5vodka 5vodke 4vogai 4voghe 6voghi 5voila 2voile 3volai 4volee 5voler 3volge 4volgi 4volgo 4volle 5volli 7volpa 4volpe 3volpi 5volse 3volta 3volte 3volti 4volto 4volva 3volve 3vorra 6vorro 5votai 4vulci 3vulva 4vulve 4vuole 4vuota 3vuote 4vuoti 4vuoto 4wafer 4wagon 3water 4weber 3weill 3wells 3whigs 3whist 2whorf 2widia 4wilde 5wolfe 4woman 2women 3woolf 2wundt 2wyeth 3xanto 5xenia 3xeres 2xingu 3yacht 3yards 3yawls 3yeats 3yemen 3yepes 4yoghi 5yogin 3young 2ysaye 4yucca 4yukon 3yuppy 2yurta 3zaffe 5zaffi 4zaffo 4zafra 4zaini 3zaino 4zaire 4zambo 5zampa 3zampe 4zanna 5zanne 5zanni 7zappa 3zappe 3zappi 4zappo 4zebra 4zebre 4zecca 5zefir 4zenit 2zeppa 3zeppe 4zeppi 4zeppo 3zilli 6zillo 7zinco 3zinna 5zinne 5zirli 4zirlo 3zitta 7zitte 6zitti 6zitto 7zizza 7zizze 5zloti 4zolfi 4zolfo 5zolla 5zolle 7zombi 4zompa 3zonzo 5zooms 4zoppa 3zoppe 4zoppi 5zoppo 4zozza 3zozze 5zuava 4zuave 4zuavi 3zuavo 4zucca 4zuffa 3zuffe 4zuppa 4zuppe 4zuppi 4zuppo 4zurlo 4zweig 3